{"cameraMode":{"drawMode":0,"name":"Shaded","section":"Shading Mode"},"sceneLighting":true,"audioPlay":false,"sceneViewState":{"showFog":true,"showMaterialUpdate":false,"showSkybox":true,"showFlares":true,"showImageEffects":true,"showParticleSystems":true},"in2DMode":false,"pivot":{"x":-25.46755599975586,"y":-3.218109607696533,"z":6.6570329666137699},"rotation":{"x":0.06871157139539719,"y":-0.6144261360168457,"z":0.05370080843567848,"w":0.7842686176300049},"size":38.382286071777347,"orthographic":false}