{"cameraMode":{"drawMode":0,"name":"Shaded","section":"Shading Mode"},"sceneLighting":true,"audioPlay":false,"sceneViewState":{"showFog":true,"showMaterialUpdate":false,"showSkybox":true,"showFlares":true,"showImageEffects":true,"showParticleSystems":true},"in2DMode":false,"pivot":{"x":7.392094135284424,"y":0.6695312261581421,"z":-5.149160861968994},"rotation":{"x":0.02724558860063553,"y":-0.7207610011100769,"z":0.028325451537966729,"w":0.6922352910041809},"size":4.4004225730896,"orthographic":false}